_@1dY./,R6R,W-2M\V,@<+wE2,0F~z,//>,M,ju]1,S|ztt,,4y6hT7z>Z,j]Cs,name,w 6arKz;!k4,GD@BG,gv;0,Y$t^E,.X]pQN|,T
|{AqK>o?P)W,,c]g+oR7$-O2,R$]{6xaf2m,Ylx7`g|,WB<r^^7,{De/#wPv;FH,[@,u\\#RH,,u{.UxlDP%,?0005-+,Q$;W/2X6J2M,T,VDNjNZ<z,hF5 l1G#N,%/E<W:x)($,k^H,|Py0\
9UOUN,,,,{*yu~99s,v~8$6,D,&b625L,~/8pe|'*+,$LD\Z,2/L:-:gg,Jyxa;N,%j5z23$v{tP,{thq%,JZ,a/k&=qS4n,,U\tUE\,;
gH>A,l{F(VSCuv4,*>.,[,G(RTgqW%9,z,Fk{#QyU&Vj,B}-'pfkdW,,e]&,AL@&V3f:\,b9i.>FLq#E:,!nB0,XJp0,,qB%K'5JBXr:,0l*,]d]igJwL9D0,[O w|OaL
kp]s'c@,2]??hw4,g>Rhx?,}}>0/\\*10,[0=.x,si-p,G=.Gmb/k,vGshU,kn,dLi5g,.O,"c^dHL^ ",Y+,@.F,*dt>sU6iy.T,-S?sj2,,Mwn'&!0B~Z,\.9edhgK
^_aDjB,h2ILjJ-:(,n:#^,\,j=.J;l,*5Rk\CY'q,/,U,eIJeu,$6pKv,9ck,,1tjO,E},+#%/,|V>,`|PX<%,JbB{noO,Gm?E_$
"Rr2r*w1H ",f|m%#SJf,,gP (2R(Y%,mtz-v,:[X#,?_h0xdU8{jL,>,P'b[)dUvWA,V9PU7)S=1,|V<'yknY,AT,H9Y@!Ko<F,W*p$@T{,=,,rE.TT<!,AN5@,.+Ap0
1I8U,y,%yc*o*t>,+D;A,J\ueZ0Ku,c~-fk*|A7,ns,u*\5{@s,Ko'Wp,.,]ouo}xI#,-al}bG,?ewn,|$P,H;_X^_Do},%Bw%+Z,.~'[G|s,"m{dnGbEv/N ",I
0xkzA^G,H/!f!t/,^QA~@,!:_us-fLp,p>$,yb<&ol0Z1,W|Iwm.~0`^,,O3t$l,yeR0j*,0\D,R.\{.PT,V,3_b|b@ M-,yvn,muO,0$XK],0s,G
A,jfR4Vk,Drt<5lr0g,4|X\Cc,7(la`!,!T[,C3;&y^T,VR,sRR}=H -sW0,xoHeJ<h4hc,cM,,Ja,bu47T;[W^\s,^Zi}i$WCW{,'#r}Qz0v#x,|n@0|b,,e:fz`Yfp
(/7_,oZLBJDG3Y$,9_]UssCZ,*CHUZku,sEb:,\Z^Uq/.i`e6,XuK/H|az,y1R,MW,V\{-z0C',0(rYfv<(-,,TV>m8/,-.@TGO)yC9,)8Gl,[^UZ,|0,A,[:`6W 5;
dgp,X(5,szt0M,#V+,h$H.+N!\,XOX7ldYF`_,]C,p2s2>?W,[GJK,(DK;,LD*N0TP,CCslF,F}FjFX,k]Qtl,wWhF@,#jn=,&,l&Z},ny;!y
,hGaG\mjm,X>@qfi,mh==Yhu7,Wb0f?^pD.N$,35L>,F.=k'4,y&!ckrQXj6,3hGn4jqSh,B89|)(;S,~Z,UW1S3b,v-iZo8,MGQ,BLJtfFe;z,2f,]E8mEDV?,(,&OaVL/v)
$%9N>\k;s,Q7TRd34R#,Ppc,c;igD&,oxq,x8[xW3U,nI|=a,`,,|;Xb4;,__@/1,D]?kU0&P\,w,Su,,W|@0NTm=JlY,*u7ttg,A1WR,@9@/OCq
o[v+&?>0,mWw021gtNwC,vAQo[]qo5,&;S@:|Fx-,>u5zX,S,%L7pOLxh>,q`;04'.//R,arKf,kWvXe\7CWyN,,LQD,b^Q:qS8,EjC 78T%b3,}r7,E#K&$,p08<{ni\_,xL(Cq`GQ},T[e-W#_! Q1
6^,o',[vIBR*,(R,,N)*\NXW,,Ljg,Y3T_p,=I3,/,75@\0|j4a,r({',m=WBNA)vOR,X>Jg$,w3}FEg'\zEk,0xc,XN,a~avWjRw
NT,cR|&<#,|q1w,<)u,0T,4>+]D]Y<,,xQO|,h0^M*J!8=,(\H:,,rqAy,F$GAS$,<e>`#wA,[Tvsi:,<oi!2tTnO,!k$,?5vBa3N,vY0wqLB(P'
x%gsRnl,o'FP1,,r8$VuNLc,bugDt,0s,A,gs,1H^>:h,Ds[;q~5h[X,J.54~GfQf.,HnD9_H,o,I>_3,VI4`dJXV|ZM,NPbPk<5,r[,@w,B?
,s__fj\,W,`>,,T,/~y[46j+Jt|,aX3Ar9$ 8,{zr[)VW0S,v\H-}''Jm,E,D)n;Q|j+zT0,F@vXEX*,K]*K]e7\^z,MQj@2If.,x,,p0<YF,fMvT-oUR
!>$,QJa{,KO0Gr;,=,m]i38.lApU,\5ZwZe0vyH,%:0f!.EUj<),b,a|;N=`\,.16/51,,5s/H,kU6Fh=lF,O,_jF,#V:'^>H,0&,;9-+Pb6Qz2N,
^L5#xyo,,CZG,[^8PynS(q)Y,~Pk$=,B%,bsAoQp,OsB.ow,U5G%~|,?,0\0mjS,4RIhV[g2,O=,B&|xbBoUsHp,,Aq3lu#oE,,%f-/,hS@aC+0f iT
