yJ0l7iABy<4,8tpHo,w<Su0I+DS@z,name,qWLqO`,\a\gCT,,90~d\Q
;Kd'_,T'S,u(eKYFA,,#!,\?uk~G%/X\U,({?SB,f9o)qLa
,--Bi,4rME9,!>VOHb,,PuI,I8>V(ouIAFW,|vu$E:=
v]t,s*,4b,'ND@IWN,\8Yg)c*O#s,./-E,igx9bg,
0rN,,2pLe0/P^,4CF=,AtZ\VIguNd,!vE$^i/,mTv@W/Ik?A," }\s2"
*>,JJi]hZ,o8<_Z,\0It:f,'&;=yP,dAU0,-JE\6*>HG,Xu4FSD6
X,|=,,D\h<4yW[G,,F@wO3,v:~r3Kz(V,
ovbAoy0,"'m:r+ ",EA8,P,k<rD],a7g,~lP\6dJ,jBh'a.?
aej(\v>,R<D8Aqdzc,"{?Qq ",&t@?,K({M,>Zd LrqSp,fCKbuHLv,9|E
yL,Z}*xFJ}/S,,B!H{u,b6GGr6`,uweWI`,0ZQ|0]c9 z;,\\~9oI`#p
w+8,<T,fYJ#$,N~L@,R:@wC6UF!L~,V,@a!,TU
X'Z\,3_H,Z,|1w,Y*{:^)6q:\&,5vr,s4H\0,|%6LC I
is hS?2MMg,Kax)=r \~\,>{,{xx$vB,_^q_ScLSKR,UvNb@lOo`,/\CdL@,k
9L3e,mkDrh,$'Y0,LVF''sG]Q`,L@N,R#<?(F,*$(qI4,OWRu
0TH1daD,29@pmq-\,,j <N&04,9,C,,
2 PwYF#z,vPCI]c`R,,_OYnk,,YAv,,^2Ql?G
oXmp*V@XR,hi(,mN8v=,R@gmhn,L[kU#,f17V`88,hl[e<CT!,}%i%@
s_ '#[,p&O~nI,Xr,:{,KCO&= b,/;e`,]}NM]w%0,P#p
Q Y,^Z_9,T,YV~,7D,F]4vWFdHK#8,}.y\T~p},XwpzND
$}Hww63,Q2xv[pB}S,,hQJ,jsmxW]mp(,}," KT",nt&4~
]W,AO:>\e<WI,TK#5aWdN.GM,kQZ4X}O6,.TVEQx =Q4v,w&R|]fD,CMaOHP33,/TlT
