"use","store","sides","heard","name","soap","child","fuel","typical","properly","cry","ride","angle","search","worse","stairs","function","funny","pictured","negative"
"distance","method","chart","does","key","team","far","carry","slabs","bound","worth","truth","leg","continent","fire","sport","differ","tight","equipment","bottom"
"lot","nice","began","women","including","chamber","fall","soap","principal","hardly","ate","sweet","are","frog","condition","bend","day","want","its","everything"
"particularly","fought","cap","equal","generally","father","report","ants","becoming","oldest","shaking","magnet","steady","brass","only","has","bar","special","salt","aboard"
"know","group","wish","people","machinery","rather","city","thy","height","edge","spend","canal","thirty","needle","bridge","contrast","pilot","transportation","lead","riding"
"thumb","condition","have","recent","split","history","forty","climb","radio","slight","trunk","parallel","top","physical","concerned","coat","avoid","finally","balloon","last"
"pack","spite","dollar","tail","handle","faster","account","whenever","composition","fall","older","mood","year","upper","cap","amount","quickly","paper","combine","easy"
"dollar","gold","saddle","learn","shorter","sweet","audience","discovery","nails","affect","thick","high","breathe","angle","tool","pond","luck","high","treated","personal"
"model","iron","even","behavior","ordinary","noon","calm","yes","farm","stone","friendly","ability","toy","bottom","sharp","class","fly","best","shout","won"
"above","thrown","develop","attention","did","final","next","fort","symbol","shelter","spin","population","shadow","our","exchange","large","above","half","apple","neighborhood"
"rich","screen","period","human","nervous","source","club","pole","this","flew","leg","directly","country","twenty","forget","some","hundred","fish","tightly","heat"
"room","spider","felt","up","road","prove","connected","fierce","load","wife","why","film","vast","everyone","rod","giant","torn","black","whistle","paragraph"
"mix","ten","old","equipment","joined","any","opposite","loss","write","paragraph","support","success","sea","product","gradually","purple","design","pressure","helpful","everything"
"was","parallel","lady","mad","good","past","hello","replace","wild","soon","across","flame","known","find","ruler","wire","writer","merely","rocky","door"
"mountain","fish","bring","spent","everyone","electricity","being","composed","more","once","getting","coffee","duck","zoo","recent","ants","root","oldest","grown","bush"
"quietly","speak","angle","due","start","citizen","lovely","ask","plain","necessary","reader","studying","shake","through","change","faster","unless","sugar","leave","strike"
"writing","mail","purple","up","structure","human","corn","soft","although","vowel","business","student","circus","joined","ball","buffalo","identity","baby","range","torn"
"fourth","language","two","recently","son","mouse","smell","surprise","circus","chamber","condition","chapter","track","perhaps","harbor","search","basis","talk","laid","ourselves"
"drink","instance","lovely","score","signal","fill","every","damage","feature","corner","save","force","wear","train","series","differ","where","balloon","gone","plate"
"eaten","feature","dinner","suddenly","queen","neighborhood","record","rate","teeth","avoid","careful","hair","cross","treated","wave","softly","escape","partly","red","trouble"
"tropical","becoming","broken","sport","location","letter","earth","boy","correct","chicken","blank","everyone","try","extra","across","watch","area","press","serious","coffee"
