"*Ov~/>w-_MK1o(U#","F4X2P<OVRx<","vjp3em%(","h:FF9yl3B{","eNV$]K@omOW","w\CUk;","']'YG6xJFU","j1dLoTx =6OX`V3HY?[u","name","P2_E1"
"O^I","U&<*)vGYp2p!\5p>lyd","","Q](2","eJc=ldW","V).Ez","j8uPC-.<S&&(a<3e4KY#0,,","PQ{d/gwt{&Y",".K@","xk\LH!m^Yt5"
"9$6Y+-/HW#i{U)I_Tz#Z19=f","okc</%hS","6C","y(9","toBuk\'dV~co","F{=_>J!372*/}\kVso","BH+,-{","!","hE]|cBc0/n6/\4r\f","["
"7v$QKFQy0=Y~.iu","VpB0fZI-FLn63fy","Jv[[Hd<y<5yD3]#up99f(nU\",":>0@T )(P\z+k7","QcWa=\aY0xh","p70cXB-%0%<F#","QB","","[,b':KcNb3uo(2j4^","8REjsAQ<dqD[w9odCL^j"
"}pbpR'Me5GxQ;A7Uw>","[Z","n%C>{1>o\O;Z \~m#COwbFpT","rB<\6f6/t-ru%9l55Ug*","Z-E6_<;MOtc3PJ","DUn1-","]$<6","dDNC_n&N yL^rQ?:","}Fk\K%!l\5","{.bm=zMHox<>2~Nn\<6k"
"d;-%#/-O7fJ YmA","EJze","V7v(<95qEl]C$eI&'9KO5l","0=IycvK{(Yc1-#rs","\ia<Tpwz[@rv4","0L:-Q|>r]SU;;+HS+J(]e","I$i<:.S ","JAogI]):","0's*A~LGAdIQO^-gHZ\N,",""
"D#_\BL^I4p,rZc*kP m/h-c","gg_wNe-~","lR~X#","zxOG","s05iN","Tqd~0$<kf00@G",")iq9kD?GU0L3`4z2c&M,L0a","hTG#~J0*2!Qbf7%U","IH~zj\F#!\0/0k'=`c","2=D}Bc)m5c^wJ"
"/2u;R?@(z~L=QbkeTs2_6:","'\#4w@Mzu","~;& 9&Tk(`hn ","^YI'ODqC","dp>09%d'O=O|$DP+g6&a","HT'oO","g:\22%*uy","f79ozyG\P.,[@R --GZ","S:d","go,Tn*."
"yZJA6aw","RX'kNbbTn|';Vqd6.-E","?bDv;C>K=:\hRZ[0;['VH","ZS[PUfaPvGMc10sCJoi!BY","nsJ~&","04i I=cy\P|r/vw%=F0_11/","lT<{I<0~PMqnEOjtW&T95_G",".OMOvYx(Kh,!NS$","x(E-hoX47q!CZ","nM_Z,"
"AB]EG}z3`v}B`o3nuH10dKqF","`[;}0$:7&eoYh4*9.Z","q]?3ge#:puXmM'OC&mX?><","}72","+0J9`[Kz)yWe-;N\P0jx","W@M~iNA7DD'7jzw","eM|\+;bI}$","}N7@:U?e*1","oa:q&AfK","u\1A9-c=\"
"E7{3","oN>","/)\Z&P*U",";+._e)A<#fK0wNi[MgX`^","?YfgVk;8","{Pc3Yk8","rfC7YxgMq-9","CT0j;^q{Mt",")%)whD|5WlCg","LP!)N9_v]7hKj8OE`G\7DZ(i"
