"*tVvtV|DT|","7\PZ7{H","+K#GaU96SF","name","Rmsl5\i","*2KxWJ[L","!","F?Ag<X","^#QtEg25j","","2?Oos-","0b`m9^^K","YVa~_KBq","goA!W/","f`+Ubg/V]c",".A^","?R|>?h","""l7","_854{"
"%m0@6(35","ch&1B;r","O+^`","5]9Aq,4","1k""@","y<pIY",".;V{1","C","E/","P{&B","yb{","QjR""?`","T/8.6","WdCU::pq~G","(02]NoH>(","9i'I,R]S","nr""","B)","f=r!5%n"
"j","ls@","7H","LGUA CSu!x","kp(","-[jX-Y|(","(","/D|6;=Zo,","g'4%kyKOOr","","","7rS%","D(SA9b'DA.","#S{","Vc>;","0[cMB","*sA{l`7","8","PX>"
"s0","]~","{DD_73","@~/","-+;S","S}[O^j.VM/","&SpoW","Jwm|,k$7./","s","'n1~#fb^","aVS=2","F8ji/!","A0U%","pA""PM_","27B'^WO ","?]A3US)","F","bDj","!?x<VdtqB"
"<CIl2Ef","EB","*M","NM|C ","nM$@zDS","vF","4VD-a[_(","n0Ab","Vfae","#es(93w):","X","*y* yZ_E=","u5(8x#Wp~","Q(erp}`cf","$MU0""H,dV","IKKh","E/5_;6~<y","G","23FhlK#R"
",-B]9,|C","]'.}6r(&e\","PY#'-]"";","q!:w5W) '","'P[m}/","t5","YCkyr "," }oQ(ep!4e"," xot2W~G'","qg&^EW","b.!&","3H\0","B7""","J","(rU-","2'XouZ#3~E","@1YT$","Ez","9llBiM"""
"v'yi62A","ZuBX","z`XM?f:","ea/Gu.T|","1NH$~ep/","F#?","5Y?~~5``","\O+ud0c,","[2)um","","","","{QyOn","A;4","Hv_q!","","}7Yq","W",""
"2f&tsAp%","4","}nL}a|l?","aY}b","c=O(oH","oMnhkzj7k","Ub) =","S}LO","W","@>%j","izJliqcy,j","t]gK","$ 8?$HN","&","Y}","L","b `J","~i\","*$eqEBo"
"avX)","ilr","d#co^#,Dn}","6R3oJm","Z,w$de","}M","1","Dxj|XiQW&","4","G7Y@J<\S","Z|3R","","i.8b","yIsydQ7J])","","hrYfh","SK;<(Wm","i;","1'z5"
"","","yro#","","`=MFgcXj#^","F","-dDl;v[|m","lETpf","GU]!Vu","DxBRUWT","LSUqr?O4t","e2",">Rr0(|X""","","hL}vA","","U[y|kWy","o\=f@OJ+Ob",":!H#a5"
"9Kc","up:#2",":GP^8nSO#","","f@xQy","9","r i#r{Yaq","SPO{U1;d","e;{qew/","""bX$""","d""he","KQ7~# [82c","'j`6<P=2?T","",">4<![;4_{x",";@9(+","","6x[HH3X.","Ig:0B$"
"2gx=|q0","Cws]kY29$B","lB,]#V{S","SnSTygZn","*+sX{ed8",">7U","",""," 8mM#t +","^3Cc3UCD8","| QEc","!Z2n|'BK^","oXm5h' E",",lsO",".HW?P,","{_`?\.;J!","CqwdY<","",".#*W "
"A0&i4(^","P<.Y*h","Xd> f5F","V:'1@ff<B","4#","J6Ob(!}^",")E[R@I""","|;7E","q^Cp","P6 }","p(Yl}","<TBkD[","Cv$}%",":{^U","HVu","d8Ml>p","","nj'Ga'YK","fCh .P.v"
"=fT(CN?5","","-Ss1VEFBZN","Q.>Owp<{/,","*qRg!>",":v=(X=","`2;e5PYY.","\\8#","*})*","w#","0","ZtQSfpe3","E~","20z""|V2;x#","VM{t","Q&Ul6'|O","Z/","\,V","SM)+g4>"
"DLq_3R2D","m(/,J=95E","]","Cd-DM\""vTP","A1aZ0.1>","'*\'?","G,w7""[C$Nj","kI3+M",">Yv","8","E","'% L","g$T=""","6N","1w","6LgN* (fp","[0fd","'9J:C}'","7YHW*dw"
"[[;cXh&1we","","Npv?v","?T<RqX","}s","5j*RHT","U)M1Z","9=P_r","&i01r<b","CGXS0","H`{Q`i`s>k","o""p^n","'9pgk*ar","v?7","h*mxHxvl(","4;","","Ve$mL","CPFQmJD}"
"6|CYS/$V","",".eX~NnK",",""DPL=","","","Wkh","0#Z","QkX4c7l]","zVj",") _F7sm","2^","oF#|[Dw@H<","WI-`","D","]","I`FXI","~*NQ)LM","?"
"HC8#ENx`","|F6XY.","<T]fXgI""",">vH1Ms","D)PMp","","/-ll^Ih","a4W3E","@YhrB","","?JY*q]z7h@","??(\P","","~&S|","&:@LskP{9","CArhE7(B","):YxKWq&5","7>djGeU`b>","c|>jd["
":","ZCsW< E;Z","k""","ru","`","U9h`Q)N%^","W^4","","oGnY'OFE4","h","","KxgY-Z1J",";pO6`","B_zjr","3HIh","$rut9IfR`p","","i$ES5sb'","/UV$""k"
"8V%U{O","0-W[[w^{:1","M-`b|-ls","k@sI+^","CjI_N","","W|r","","4JcFpqo","w.>","1D",")O""aCGq;","j5w[pG@E","yRJm","b?j$]u6WS-","i/#iC6`H","","3GN","s"
"U[Sq3D0sT}","B","W9","N@Bkt","dq:0q2","s","CE73BL","","","T^I9NhV6","Lm<n5`9.6","#","","TK","","","6;+ [O","",">HHA$eooT\"
"[f<k[","+","vDOq/OJs","\,6y_~bR","-n|$8","7#njU[j4]","Am3Q","P=7RNg","J~sl.IZ","-^Qme","Cdw}h6CV","roQfPjb","[zNZ","","DuNC@,*~;i","O","cOX"," cLVt-7?","Yq""~I[I"
"86/b","A@Dt[,D.","[4syZo""`,0","","A_rP","?wg##","u1.I","",";,:23","dvlOf]4Hr3","Cv`7FA","P,-Mw5","vE!AnV9x","AdtnVMIdW","twcF.S","q[L=?-$6","^8&g+v%~\","w>Wi8IY",""
"p@]Nq~+xg!","8LA36","L","Y","/.%UP","B{^C}tC","=QC1n'J0?","J!9(1O","NVNm","","+6Q|$%M.","E","V!1D\ay>~","i","A""A8a]","w[","_ym[I5j","V:f! Q","z6%4"
"sl{B]F","S!6","MWDJ","{E{","T0FJ","z","7","FU!$]FyeN","xf","t8|&L","JKU","1eDsusfk P","#0>>b","","Zs%s","""Ubwe2K :","z4!WsJ","B^","Hp}gGjxJ%["
"b","7P","joQ##Jc\t~","o%o*vN4","\1Ri{MZ&-","jzb5","B@7v","p","y+nW<iW^\","9AW","' ","","}'BF76..%#","A=')QUkb/","p",";!0","","|","b7T:=tejq"
" T'",">6?-S!%+#","I91[","doK|gf%,","","/","","(2jSvI-gY","`J@S'+\\n",";kFz","","s9a&OzVa""s",";X","^,9l%~U\&V","9V'1KD)Nx",";q{U{4hON","a-(j511","'1=|","*+qhD`w"
")Nj^O[\",")_]","{z}oV","DW=","!.UL&","o 1b&","ufwU;*[R 1","Y.Arn","XKr %fI$P","ro(%","L","HwF%Rk}nO","l<Q3G3","/","HJNGsqu","Lk@Ch","""]8kN","jkD5PXj''R","Eua]l"
"Y2-zWM$HT""","H}`Hi","4u+>0t","E`e_1","GUlN%l~","z0<Sps!;","","","t&5a","Bq5>jh","wK!","_,5e+[~2Y","-_&`","mX_]6m","","RqE^CG","1Zt<@99k]w","B<pw>8XC","mel@V6%]\"
"Gl1j.^y","*%a$","B""","""&","bwjG51(Wv(","#","wp]+lu_0","`b","BZI","l)","tf}>p","`q[",")ntXg",")b}h7PG","LV6","",":V6x;![-v","S }zR@nSa","t]8}Dyo."
"58SZr","""#30|i","7qfkS:}d","iF28eucHs#","GF","cO%KOet0","Du\u","`gul;]#J","4CPeUAe","04$-p2/","Ii/bb( 07$","","?5WjvXw1b","aUUO;r.","anFV|[M","Bp ~H^wdu","8\X[","",""
"Vo(/S_yV7+","/PH>N","t'xbT2d[Vw","[h;fBN#HH","X_M""","+","y&t","w<:M'","],l","/!89-","","NIn@@2u","Mw^:s","~(4Hk","R3eoDHkFN",":","G","","zzg/i!>s?"
"f","l!)$","g,MQjkvN","v]Yci>bR","\R$88Q3`D{","35(","}mFn0XFT","hZMA","?'8S*I","6I;","","If","xe#LcK=","7-~"," Y_l|g(A","69","[}}R&",",jSl","#"
"et{l""^yS","Cc`7","","N","MTE]|4p","I'F$EAxs","L;`5XS!aGZ","|]}q4L","_{CD?6""","t&=u$;M","bS6)Sf;[","MS*?z-g~6","2A\","","~q","rjsuc.sx;{","|U yjMU7JL","","O:Y8^@d!"
"0","""n=*0op","zg9HOU","d;*4n","Z:J-Jy","Yc","M8[@^eN}","#Xj_0>#n|","W,Z","q'l-tw","{,:""3","f83W","+ZKdf","TQU)<e`qP","9sTKG;O|,","s1QP,|W5IP","@1","m*IKx3+","E9GV"
":l)=wt","fuox","","","VtX]5","","'J{/","#{0","7{s{","89D0R RsH","E2JdTfp","x1=~ZP0?Y""","a.}PK","}|x_""R","z]ARX^+!","Q5Z","P;$Qj^)~T","eb","-MRt3"
"""9#+oK","p !+p}Y7","s}[YDzj","g DZ:4","K{r%),6","","[%s","3 %\",")=<)1jlk","=v1{J","hRTj.P(m>","OE,t?","F|L j-","C&M3","M=Q","ssQi2EC","#jrN","k|0","{oB948*"
"iLK1","cE q14Q","D","ELU`y","~","","","*a>""cVS65P","# ?X-82","l>LuY}","N=D{","*","L","B3lN>""g","D~","~}cZ_-","","","rD""00H:=x"
"/","j|md;","ox2R","F2P~bQ1c%4","(i\^K7fgwl","`3Y@_","%xb\u","h]!","bRv[& DP","xIN%sG&i","\?TDC(","09IN|ZzL","(&r3","iREm>nX","","9.eo.:@R","`!A","","xB7McN"
"k`!","{`KG\","E!T4-l","m`;4bqa3yP","Mi:{G","","M#Mt","0)B5`'",";_)E","h","FOspvH_H","<7TM!1V",".B","PBO","B{j","1VC","e 5y'4","`!","Qf]u&zgI"
"y9","b4*HKyDi0","3;ka)Ql5&","ZX3V","Bw4","2xYx_f;?(","WUac9QlX","","3|&#q:7!","^!c@L,XF","ryBC%","4","_==<",">","","C","{p8E'vK=v","OCiH4TV","fxO{I==!l"
".uo83(:\YM"," lrBv>66","035%ozl",",q]h","79pm@8p|Do","","H7KoX|>3.G","0W|3?W3P","yqKBX|h","cC:(","\B",",AfXc:NTp4","O:]LR8<","o<$y","OZ2Zw9.","""0$pqZ","zxU","","<hTb\"
"GNBb","jC","a","8k.Lb9MJry","xU2d~(-C@[","G5v","r7Px","z?_;jq/","_7]b","0Nlt%SK","[[.n","osHB}0&mK@","j","eb._C>""","6p=Ft","*","*:P`9","","g;GS=Zk@p"
"Kt?dae","Z>~7","u:nJLY","{{i","dwY`n</","z3'K%r^(r\","}4=1j;","","","-:+","","U_aOWb!L","oCs","&","jyv+M"",","*Dk{W","J#]","mQ8C~?Z&","lP1`y1w)Q"
"2e","NyJZ]","y","6n","0c","C0<","(x39aX""^","&D#x","X-r","'m|$""Tn~","","HW","","~evM~9F@@","sN","n=%`+b(M",":0|t:Os&dC","W5N3CGh_l","W"
"bx"," &-9'0}$j","Aliv:LQh`","","yTkoP`E5k","","kO`Kl]:Mm","ZW;XpoX","[ZO3;\Na-","8I&E;=`/P[","2k$l<ZXZ","'rC!iEo=","y1","gT;l;n","%4Y8qME,/j","Dy]","}<.zWD@7n","kQ{!QNY?W.","sd?73-""B"
"sOz-MJH,=.","-ZO0","dL^y^36","S)e$.""Chj","","T","L]>;d6","A3E5ih&aR","qQtt9OEc!","u'u?s}jMM","W}%n:d2A1E","""t_{97^3g5",".tS","&4O1oX--kG","5+U1|""Z@""!",",","","YLb[O-","jCVe"
"~=4@9M#C","N7""Wl<LX|","5V6","#>gR}dz/an"," *","","GM~y'/{P","SyVhd@","/(vLSo%?Xg","","b_yf?~%a_","~`","{c|3","Lh@M9","Rj+M;VQmZ<","C?u","dk","h-pSL","~<yr""gZ+"
"w&z!.","[aV*90/1=","|q<;*","i",">","NA","","]xBKT/3vXE","I_wSWlyA2","%",";T","x:#y^`""Z","lDpL&","Ej;5'@","$`6g{T4%Wb","\;.yZrC0w}","W*fU","{q.5l","O$?qi<"
"yk`mOLVI","h-&m.+2","Xi)V<","","10t#dt6","K6aG?a}s{","\<","!NyBAs#)H","*X4aYS6mR~","Jv}aY1tOP","","'f7","""7]","n+`","-\GK8~sPF""","|d,x:pYp","}edfzu3>"" ","Qs","k,JB5b:Yb"
"Z(0}Rk","","%\&(;G","KvX<j;jtU","DTX","Zpi","X","'Ulrnk}","9Vp","%?je;Aj","","","n*","w8'%))S#}","|(","",")","`2u""TR9O!Q","#"