"0^","{","W
x+aT}'-y","KW","hFYV","oO
","9ZHVezvuG","lLke+N[_m","6Pj\5/h","6W%C<UZa{a","MHW{TY*k^","","ylgygi6d","M{;","$J\Y=a","ywvej-|w"," ","dz<kD+w71|","0Q5>B|'","G:0FK"
"^","t;{*","","hnm9","e9YV=.A","f|b^&3","R%0XooGtJ","o?/tb","1)A","%si`","|!\Wy)\|","I~ _R\|-c","Ni6W~&Y>J","2DjZIG[Cx","P","","b])vy","n","hZ^dm","R\"
"}4FDr",")",";C.hHy#~","-Wr\4\8","cl$aI%)RA2","`y_k0fG.:a","","t","0$_8","bk","","eNOZ (C","7}Hn#fy04","ro","R","^l0TT0","bxi5~<","KG","w4rp:M3vMs","L"
"0?hh","R","huc","","","dT&6 +<Ir","y=TN\~_","%//","RK/_CWv","BLB6<","Stb?s","0(&V=2YP","A'UJ z\-B","HS\_","v7
;\9S","=b","\\<","2","prBy^7V","(xvSXz"
"y.b7O%s;2","","3D+i%$","KK$g","q(*kG","tl","IR?hD$","y2Qr.BO%kP","H;szj~ ","SYI0(_","Lbr","W","\(F_)","&kLAa","0x(@*","EHz='","s-Z7-W=|bl","
>E1)PDa","vc5{}F`0W","0{i"
"VnE;PIu","&#0)z!t","FxuI0his","","354","#","'6","~c&W_#","brIi$Z8\D"," i*c+4SdF","+2Na(G","K","eN<g}","M4|lT=Qf","P","[TZ39\qarI","M_?f&zY","N-_%t:R9\n","","4?R{_jWj"
"NIZd7.","`UgxU","ZR8","7XI[TJ5C","#$","A\b ",")!/a$Uc","^#r8","","<qmPAIL3","Mw`M1'D","F77g!Wu}","07kt","gC4{\","Q}!/aJ[3f]","kn Z+","{Q@8'","UV PR3%","z2HySF!urX","#w 0}-0O{u"
"_b@NX)","@*>g{RLijI","U","aU6]#&PX","fO","\D'-","5","6;w6mxJ%","Y@6\dP","8\mK5FWCO5","9=fFofCSi","4MnW","h*d'V701JH","|y$i","$C)+T\=G","","[zTT`gwVQl","A]v",":","9`ndI}$C "
"O{VLPGi@","r8a5E%+","OR:y&(","Zh0[0w5~S","MVb<.w%\H","eiP y6","","7rLlu","`FzPl","p7o{$","u_%XE@E:+",";{)U",":*Y","\","+}fKX2","\L","X{q+6gsBB7","_0e7M=
","y(0J0((d(@","d#"
"<","FRL.jEe0?","7I","r|","MF$E;K?97U"," Hj","Tt:","*e"," UWY6","a#V@Lx","[pA?_4^m","fTm=26lRF",")GZ~_r7L+","y","N1","V","Rj","%","QA>HPPX%
6","&KP<"
"%%0|{%K&","/vMEW:s","lBb_","p","nF3ZME1Y","'Caf2","|vTqj6","\m.1
}3GWj","[?2Bj]","#Lg_7aI}\","JtXxv {zO\","@g
 B{rKf","[","c6Og$tTKpV","]+uuIycLEP","o
0","W","0Re#v1Q","","o@^O-0@F"
"{z:d+)}zn","E0","q","n#O}UjiXM","P&+1jOz6Sn",";/wU>","E","Q'X?O Ey","","A","\","","","?^","","n;uy`37*T*","","D@^=(0_","~^We1/kh","\.;VA\FLM%"
"T1JL^.",";nW","|F^t'p8","P\{S<)"," ~L","y&","&$?/u)a-O","J7PQ7\4Y","OS","hF","gmZBsKE6
^","b","","]8 |B|Fz","p-<}C","5I.","arq\.^","dX<&'/0R","U&#FxQ3","zT_"
"n7J","0gB","GH7=@zM)Q6","","_c>@","e;udf-2","1","rd>","o5=i;) ","|>*
VZyL3","!d","L","<","","cd|^3","V0<fr8
","D+","At","F?T[N&!i","m5]P`0B."
"wdT%ooDiN","(Kn8N","E6`","?&","0e`U","iIV","^M~9@ ","7S ",")fL","2fiSHWnQa'","#7P2","Lg'5Tiu",")","|qCFy"," ^","ln_rX|5","+d<= ","Y//","MEL`{y5l0","V~'k5?"
"xx)MlN8","J{OfYr>","%","gDPmC5'$si","XK?\1DBd[","4F[<$pn","zt`9*","n","S{`/tG","`","%","d!qj;D","jkc[9p?","YqVKzM_4^A","","k4EQ",")","at[Ay=yc8","i5W0","CBm r#M|
"
"eie2","neP:","jhbKA<jz13","ZT$i7/Nr=","op1u!Fp","U?Jb","=nM-`1Pv)a","k","ygbIQ","NG3","oZj&-x","@","iNvZ12s-g","","7B","7G+%eez ","","/jSWL$'D*","~W[(5I~","\}Zec9"
"JY$;ze9}f#","w.gan-","8TJ","5~P.IS#g","R%>$v","","6odi5p<6|","SJ<+o`)*M","R}*!","f5tG","%pu55Hgw","","}CdY$","s`","n(ToR6Y4E","X*U","]*I}x<IQF","g-","!U=rvqr+","<N\O"
"6","|:UJ9L","s4|y>","l/","fV'r","/ <cR@vBr","s8[","n","Nn4\>]Y","/!Yj#d","`=g5$","6Q4$e<ZQG0","","v]`lZd<","|3/ 0f","lB';v0","i`=^k
-*\>","1.?aq0E","jU'=qKgp","fk~@y%d<"
"!ehnH","S","1i1XRjH*V","=","","0lWz(","aE*@NA7b","jw~","O*6C|","WA","/IqA","f","~+C","OjgyJu","Bmf`\/R6(","eh@BYz;Q\3",">VP","#3&0","o3r*||u","BIrtVB"
"&r3qvZ",":=\<~D=","","^","/;","W\XHr","yiunmh1","","^F0>?Sn","BVzE","","c8R;/j:
","C4y=[","Jje@sAECk","s}?","pL~b@Av~c","wIM=","P21","K]L `#no","(n*l5g9"
"%J3v","Z*^M&r","","T]{\","","du31~qO]uv","t@","","P","_!
'L","N6u","c9FZ","","?BZ(^Ml#P","?(:`7]YbN","","0F\^nfG","$5cdI"," ","c{"
"\%+S'd[","","+>Q&6{Q","~CvGXrl","ZyuG5g","q7kaYR","wvICm","-","+x","U0]b","EP\V=Jf","gh6(L#","CC\a.u`<y","$II{.}[]m[","J&p","&x{jJl>Cb","SvM`y","<2w16:]*|","{m","F"
"3/>zR]@z","e&WI>h","}UAWG8)PA","m","qP","d\!wnp.","-7nEvd^","}]8:","l0GCDdc","Iwy!Vn'","DA","D6H","(7Mh[z/+v*","/3aAawv8kP","4>=q[m","B|9","*Xb","Qr6gC_F'C","a}t","{
PH!\("
"~<","f]3iJ",".us@!9","C|","4mgC1_+","P3{m{","\-J","_q|[`val","|v","%Xn&","O3b%xZeX","&
6]'O","FZ0 n<ND$Y","iY#","0?w","m
.d?~","<","A3OuxQ","","5Bo%
2Hr]"
"[Aqzn13.M>","kg","cyht&V","p>J0Xj= W","","J
","Q","qE'$~zP9","t","G","n{q<&","}}M4j","cF\w[Sd<5","0xl~y_~aY","ChssnJ5M`k","","Qy=h<W@","'*\cb","bn(
{cn0","H)lah\3j"
"di1Cm|U<t","nrxfy(3o","1","+","N}FdRA",";~pGE}R","LaK?","/3js^=%Wd","","^","_<F","n(/
g0EU`}","Nd{]Mem","SJ!/>","MgtO","GyWS",">","1J~J*/","-X","hs728~WWF>"
"Z;dP>Y9","*.","$dVuaNN","V","T9@OH","Mg|E\.x[yF","YK6;~|$","$>PnbX3P","Th","ZWuta3 zEu","h","YClG+(","!(!Htvhn^","c*CC_F","","me$\E","lm;pBI<","","L^5MFgw_",".-"
"My","{>zq`Z","P\;BA'ZJ","=$ntlW","PxMK}TzmfQ","%RV{3+Ai","cm;W `1sV","_O.}P","oy$Y$+w","N0h8","x]#JH`d0=","T8lP","","C!VB","n","<+;D","k[","~l$R-01V","XY[sz","]!"
"^","",":0
6}","HQX$1U[J}~",")C
5%_","+*nXy?","7C;Tb","MaJk","5~WHO{.","{;d;","Z*w%`^3`\Q","M=1HLJ;mN
","`V}<1","<e","bdT_u","?Ht/aIH E|","1B","BNsM4U","&MG)?g6","=t"
"H%YOr","%M","|eAp","bU","u3Xz","Ovr>s","","z|)Pa) ","W0008xs","","y1Hjt{/Lc","q$H","MTh_M","w)q","An{>3%9m4G","L:`c.$0#`^","Tocj:^CZ","q3tk","0mA{R","XYG*9"
"","|","\iBEmX=10","l^{py","PiVso","","WK9><?","Gu","2gXixd#","_\\_","j!6/dq","/Zp8:","","
!y.vUX=;*","/h<*","U","","tL$;~Al","FJ7iNp}G
","31j"
"","P#iB",">rMNKi[9V","","!nGw[D","V3.Zf(zRSH","SV}7)58",":","g/","V@h!","j$\\f4e8","#a*`!Ys#","`&\_W[h","|;","qjr$X07","Q;","q9|zKEfZ|0","?3|D0?5Yw","Lu){q","$ 6$`/(^fG"
"7x","V.","JU","umCC","Y&]\1f ","3Qc0S:1U0","4","R~hezb9L(","4#t?_O&","","S`yb","J","m","Tr"," <","1n9h5T;ne","","H0","G","P{F~gZ'x"
"x*NMX!&]","9)*k7","YY@o5O0>mR","","3","a01y9l0V","j_BXEyH37l","m2+-","e0%m<o","
0z]@0L=","7|","","1CUcGRXV&","tskThF",":qq","$A","","'V-","","2+`4%7yFJ"
"","o$%RA7%","2vDA","","FY","","/
vI[[Q-x","a","","Sbj","u","VuY<n3
/","{U1iK","T;e","#b","#i~rNL>","T#","^|","qC","{covh=1R.8"
"O SL@dq`9{",";cmXq","","4Ob/ ","","0\?","AX8sF>~;L","8+wY`0b","","","",">^8y:","UW&|L$[","Q{pR\","u<","b2
K5#/",".","6B9^3A0","'w_3{Rd","?
D^g"
"6#3","A","5{!w\tMxA&","0","%","h{yUHW+","","w&vV","
{\0","@+0h&","+0:`i-","%g","","","t+","gpDw.^S","W~*<","[8W9fi","mr<{5];","~%bc"
"#(Y","L1qp","vl_Mf<bpC","]/{","f",":|v","1M|","y","cx?X8i","-*oQ-$Yi","o(q*FrK+?","l!+UT[y/","QQ_r\","W","<2lo\K","R8}",":gt/","+{%Zl&~","a:<@z9'TZ","0>"
"","W47>kl%M","Yyk#","|.'9","%xot","PW+HE","@kGk","d0VZ(}iSpI","Ecmw'}C","DKu<lBbM","gTi","}8z']^BFOL","","$7K","","rn^rICCi`","?","!Mqy]o","GYJzRLQZ-","I3Lh"
"T5V)d#l","2@#Qw/`","  ^IhtO","}X>5d`","?7&","JFx]G@~","W{ao.Wnm.","b!/","Y;Y","e","M*EiGs+vl","UX<5tpGm","80tYL","iU1eo","JCk:|Kk+`",":WPw!]>$D]","V","<1O_\Y:","AF-{`|","xJse\FmL"
"3","6BL^","yp","q","mS#aSdsh%K","'KjjcUq","]}\%;#A}gB","\uQ@r","n","f~",".0Rgq","7","01v7N","Ou","-;Ro0","eq","wGik","r","Y1:$IK6Z","R!O;B"
"|LV","H","y| ","c-[uL6z0X","TBTpbk>n{","3qa8P","
b^x}ah","#P%!n'","","bAH6L~aP}","|%sky5$V","vy*+&]",">e%xa","\3T3.fF9}i","g}o^lrC10","?%^;","\x~|)ZOhv","RNO5G~'0^","E2q@^1!","qY2b+
"
"2{JIj*V%",")S;","t\","{/]`zI","04:
_EC","3BAl","Zv+?HfIU","a","","1FF;","soBQ","emBwrWP","F=MP","#!$*(rlz8",":xrh","!|r0","%I~","$p/d\i","5&","nz{#O7;)/"
"x0","","6I7","\p","JN\n\(on~","7mxEO3T","gZ2`?Z~J0","oj]]|ou8H","<E&O w+bOm",";rN@3(Aeh","~ y:u","P}A\[","b@FEfK+","7/;l","Sz^o 9Q(W","&mI2U\R[","IX_|_y;L","@WeJOT&Q","QvMxRb","T
_(Q-Vw"
"['tH50","rdu]`$pHQ$","t","Vi","~7","","--}Gfs`",")","Cx S<Qq","@E
/(0\'#r","|L","S","0.YqxPN+","H","@n'itBtAj","","Pc$l=Zg","?","C","X97@"
"_vw","{I6ONg","+|/aKhsG","j","f","3z(__zBWe","Wyf)@'6)","","irzD","","r","ACz",")wz \ j`{W","infjf/6a","!","-[J%U;!fM","Z+IWK","I=YE4]","Kp)j2\Za/","/"
"I
jm@3Tv",">sN","U","KF1 $","P@WQ#wP","\o~Me#LQdd","&2","_|`;zI<1","{p[MB D@","5^i$<hYA5_","J;&JqB:%wr","(R/:L","4O_]g","mk5{","4-dqv","y-qQ\1yR","~q}r?
","4","5MlZPEa}"," *z:h(=!["
"t%j'hU","(|","SD&s:bX","=?S
0H}C","6~;^Np_[*","9Mub","3 .ju1U8DP","@ohbwa_oz","","_i","'p[g`l`t",":bh>*","i
+Knt=o?c","","NpY","(fxRl2$0Y","L~","","CS7-","eXa*b:ekS"
"M BEG
KJ","Q|27 -Y?n@","9","oas\$w>A","~wI+1^","n","(rbFRH=}n/","","%YZ44O`7K0","*\/
","P|K'75 {>","-WuY","sW\-t*L4","9?) iR#E","ClN-]E","X","m/Pk9<{O","y","rurd","cUO#%e
"
"\FS","-(oX_1US0S","#
XRO^X\(I","","{P%5YjfM","Lk","v","/?.%N:'Y:8","1ZbV|D","0 eEa/:","3)Sb*","0$oWw6X6r","8>C`;","rD'q_","","b8rY a","E7/i=Pu6Na","t","+o:J","04<e}a/S[6"
