"kJc~>HHXZ","","Ej:{f9#Xq;","g)eOha!=","CTT>VYJB ","~`$ 3RDY","name","PPAZi("
"k>4kzNrYSM","ET)da\","w{VgbTEchZ",">","i~b)","2AzgRjPN0","[","'uU"
"a_.Tcd","b^B/_J","z","_","iSd>383yx*","","7`:F","^C0XG7z5SI"
"<[Q}","!","|","5%K!7]=S1","PP","0@P!MeE8","fSh`d;-","*2y"
"D","9T(","u5gN<8$K<","*^!&o","05","N>2>DX\!","gL]x",">"
"}lfYy","-^B.3TC","@!S'yON};;","Q","7/V@/JT*","/","i0['5Y:bg","F2%Ti0q"
"",">c",";W3}",")M|'","}% !XZ7","]cA>&@dtT","u+{sy2zL_\","7(0w`"
"a>7$^LO","vYS","vuC[-|im:","6}","Y)ras%wH$","rAz#","?.(mW:C!9","F1l@"
"","0/YLKs4{","","(Ym_xO!u","\`G-}","D*cOp!-E}g","wD&iVT<1n+",".$Tn@Q"
"q`~\LwoA"," Cl|+Vc","Zw","P :AW]E","fp","N?Sd 9pG",""," p\(I.&"
"7_E?XJZ_","r^@i1|*:t","C;<\/","&","A6Ge>#j<U","Z3;C!m8j&O","rBP",""
